{
  "timestamp": "2025-07-23T18:55:22.976717",
  "analysis_summary": {
    "total_products": 6,
    "high_priority_products": 4,
    "total_forecast_horizon": 30,
    "data_quality_score": 100.0
  },
  "velocity_predictions": {
    "Health and beauty": {
      "product_line": "Health and beauty",
      "avg_daily_velocity": 6.5565136471193135,
      "velocity_trend": 1.5327561188595222,
      "peak_day_velocity": 43.983585275114514,
      "min_day_velocity": -38.645876149101866,
      "velocity_volatility": 28.715018568084627,
      "confidence_lower": -7.493030120214113,
      "confidence_upper": 20.46854080874671,
      "next_7_days": [
        22.55252288149416,
        26.770242576223918,
        30.137416302208152,
        33.93786758659081,
        37.049805500692,
        43.983585275114514,
        40.87242600726646
      ],
      "next_30_days": [
        22.55252288149416,
        26.770242576223918,
        30.137416302208152,
        33.93786758659081,
        37.049805500692,
        43.983585275114514,
        40.87242600726646,
        38.45431557554646,
        41.036519975785346,
        39.1950616621292,
        33.43454721559358,
        24.60784216600326,
        20.728215697300474,
        10.361041961606201,
        3.906043540612214,
        3.2638790997739706,
        -3.0319942748233695,
        -14.214532815610145,
        -27.118331373007365,
        -31.44837038952025,
        -38.26506395749093,
        -38.645876149101866,
        -32.22344625591995,
        -30.38143258758145,
        -30.78795506794662,
        -29.04130917982706,
        -15.630904623634587,
        -4.3009372374001344,
        11.169142876380526,
        30.325087425121872
      ],
      "trend_direction": "Increasing"
    },
    "Electronic accessories": {
      "product_line": "Electronic accessories",
      "avg_daily_velocity": 134.86378535347646,
      "velocity_trend": 1.7343449985756365,
      "peak_day_velocity": 236.51390581641817,
      "min_day_velocity": 15.015893988148251,
      "velocity_volatility": 81.68004827490795,
      "confidence_lower": 119.83612418999428,
      "confidence_upper": 149.87567842740535,
      "next_7_days": [
        15.015893988148251,
        22.03690705867164,
        26.777852364493643,
        21.73605064689545,
        30.014405423994276,
        24.175077070975437,
        37.57800259170555
      ],
      "next_30_days": [
        15.015893988148251,
        22.03690705867164,
        26.777852364493643,
        21.73605064689545,
        30.014405423994276,
        24.175077070975437,
        37.57800259170555,
        49.67568605821463,
        62.13459311725389,
        73.72057382915744,
        79.42556267661392,
        101.87625160117118,
        109.95313134315364,
        132.96143507974352,
        149.24412313852736,
        162.9640624547875,
        176.32117259161396,
        185.1799675827088,
        209.4669395975145,
        214.23826442023085,
        227.44017223445366,
        229.84115614848923,
        229.60771988663058,
        230.87863931246395,
        227.74604742030226,
        236.51390581641817,
        220.31887851737181,
        208.7705361234463,
        186.39602474495317,
        163.90452776418903
      ],
      "trend_direction": "Increasing"
    },
    "Home and lifestyle": {
      "product_line": "Home and lifestyle",
      "avg_daily_velocity": 189.77537004733958,
      "velocity_trend": 5.875465585896647,
      "peak_day_velocity": 602.1222346324994,
      "min_day_velocity": -2.213490281488893,
      "velocity_volatility": 210.55959485648194,
      "confidence_lower": 178.75539623100104,
      "confidence_upper": 200.71751082173645,
      "next_7_days": [
        5.502586785269854,
        -0.3402890974691317,
        1.7816916097324818,
        -0.9185241740448671,
        -2.213490281488893,
        -0.26962236056384725,
        1.3893469050199023
      ],
      "next_30_days": [
        5.502586785269854,
        -0.3402890974691317,
        1.7816916097324818,
        -0.9185241740448671,
        -2.213490281488893,
        -0.26962236056384725,
        1.3893469050199023,
        7.172023296648532,
        5.825481429965247,
        14.405427349635158,
        20.289995333507523,
        29.85351923616004,
        45.03992875771554,
        62.35064307215577,
        86.15193529250094,
        105.1425719606273,
        136.29701166676534,
        166.6823521339961,
        201.87355604907594,
        242.45279250442601,
        283.2692561281079,
        327.253856924528,
        362.2934068291729,
        405.1856884959926,
        443.08050938899635,
        481.44666848458945,
        520.4098428459316,
        554.2336261219904,
        585.4970740987435,
        602.1222346324994
      ],
      "trend_direction": "Increasing"
    },
    "Sports and travel": {
      "product_line": "Sports and travel",
      "avg_daily_velocity": 158.44121013555502,
      "velocity_trend": 1.585372014961706,
      "peak_day_velocity": 279.8126156848514,
      "min_day_velocity": 3.9446217048922136,
      "velocity_volatility": 98.39653021824165,
      "confidence_lower": 144.31481684764444,
      "confidence_upper": 172.56025979746218,
      "next_7_days": [
        5.42225194208164,
        3.9446217048922136,
        13.515627131596545,
        22.947665692558324,
        27.169334084321115,
        35.85857162239454,
        48.207800800358356
      ],
      "next_30_days": [
        5.42225194208164,
        3.9446217048922136,
        13.515627131596545,
        22.947665692558324,
        27.169334084321115,
        35.85857162239454,
        48.207800800358356,
        57.66009540347586,
        68.68847615991298,
        91.6034860601111,
        114.07554010561415,
        130.07534354968146,
        148.74134105388544,
        169.01386209577345,
        184.16247134605658,
        198.54602212713905,
        222.5330565017921,
        243.9772255544692,
        256.8097623128525,
        269.5174466003603,
        279.8126156848514,
        279.8098812034926,
        273.6666551485433,
        272.90767225230275,
        267.4097166377514,
        252.90451720276684,
        238.58849866771027,
        221.81237412892455,
        194.10451221768537,
        159.74985907329483
      ],
      "trend_direction": "Increasing"
    },
    "Food and beverages": {
      "product_line": "Food and beverages",
      "avg_daily_velocity": -56.38267381079275,
      "velocity_trend": -1.9452936507539436,
      "peak_day_velocity": 14.390907193275698,
      "min_day_velocity": -188.76124994687459,
      "velocity_volatility": 64.676268516853,
      "confidence_lower": -71.27687535361507,
      "confidence_upper": -41.28857460008949,
      "next_7_days": [
        6.4359662896084195,
        3.7195746620473638,
        11.359995413426484,
        14.390907193275698,
        8.1100895488694,
        3.208458807484047,
        3.9848032109040843
      ],
      "next_30_days": [
        6.4359662896084195,
        3.7195746620473638,
        11.359995413426484,
        14.390907193275698,
        8.1100895488694,
        3.208458807484047,
        3.9848032109040843,
        1.4882998762243136,
        -2.7131059502435697,
        1.0138846961376258,
        -1.4341007211401058,
        -13.018495449501234,
        -22.023226558665893,
        -24.732306676595726,
        -31.595085682642473,
        -41.83162951775732,
        -44.912889125736825,
        -53.037145266638476,
        -67.98783467627197,
        -78.7549920879443,
        -83.65049164825142,
        -94.65823085826472,
        -110.63031658173175,
        -119.0615298401475,
        -130.28139906015582,
        -145.85887051141327,
        -156.20173720063858,
        -161.16799603546244,
        -172.87956062568227,
        -188.76124994687459
      ],
      "trend_direction": "Decreasing"
    },
    "Fashion accessories": {
      "product_line": "Fashion accessories",